{
  "false_positives": {
    "credential_exposure": 5,
    "data_access": 1,
    "privilege_escalation": 4,
    "resource_exposure": 5
  },
  "false_negatives": {
    "credential_exposure": 3,
    "data_access": 3,
    "privilege_escalation": 0,
    "resource_exposure": 1
  },
  "class_report": {
    "credential_exposure": {
      "precision": 0.375,
      "recall": 0.5,
      "f1-score": 0.42857142857142855,
      "support": 6.0
    },
    "data_access": {
      "precision": 0.9642857142857143,
      "recall": 0.9,
      "f1-score": 0.9310344827586207,
      "support": 30.0
    },
    "privilege_escalation": {
      "precision": 0.3333333333333333,
      "recall": 1.0,
      "f1-score": 0.5,
      "support": 2.0
    },
    "resource_exposure": {
      "precision": 0.8809523809523809,
      "recall": 0.9736842105263158,
      "f1-score": 0.925,
      "support": 38.0
    },
    "micro avg": {
      "precision": 0.8214285714285714,
      "recall": 0.9078947368421053,
      "f1-score": 0.8625,
      "support": 76.0
    },
    "macro avg": {
      "precision": 0.6383928571428572,
      "recall": 0.843421052631579,
      "f1-score": 0.6961514778325123,
      "support": 76.0
    },
    "weighted avg": {
      "precision": 0.8594924812030075,
      "recall": 0.9078947368421053,
      "f1-score": 0.8770060928182526,
      "support": 76.0
    },
    "samples avg": {
      "precision": 0.867579908675799,
      "recall": 0.910958904109589,
      "f1-score": 0.8789954337899544,
      "support": 76.0
    }
  },
  "per_class_precision": {
    "credential_exposure": 0.375,
    "data_access": 0.9642857142857143,
    "privilege_escalation": 0.3333333333333333,
    "resource_exposure": 0.8809523809523809
  }
}