{
  "false_positives": {
    "credential_exposure": 24,
    "data_access": 4,
    "privilege_escalation": 33,
    "resource_exposure": 6
  },
  "false_negatives": {
    "credential_exposure": 3,
    "data_access": 2,
    "privilege_escalation": 0,
    "resource_exposure": 1
  },
  "class_report": {
    "credential_exposure": {
      "precision": 0.1111111111111111,
      "recall": 0.5,
      "f1-score": 0.18181818181818182,
      "support": 6.0
    },
    "data_access": {
      "precision": 0.875,
      "recall": 0.9333333333333333,
      "f1-score": 0.9032258064516129,
      "support": 30.0
    },
    "privilege_escalation": {
      "precision": 0.05714285714285714,
      "recall": 1.0,
      "f1-score": 0.10810810810810811,
      "support": 2.0
    },
    "resource_exposure": {
      "precision": 0.8604651162790697,
      "recall": 0.9736842105263158,
      "f1-score": 0.9135802469135802,
      "support": 38.0
    },
    "micro avg": {
      "precision": 0.5109489051094891,
      "recall": 0.9210526315789473,
      "f1-score": 0.6572769953051644,
      "support": 76.0
    },
    "macro avg": {
      "precision": 0.4759297711332595,
      "recall": 0.8517543859649124,
      "f1-score": 0.5266830858228707,
      "support": 76.0
    },
    "weighted avg": {
      "precision": 0.7859029842046978,
      "recall": 0.9210526315789473,
      "f1-score": 0.8305256432024967,
      "support": 76.0
    },
    "samples avg": {
      "precision": 0.5844748858447488,
      "recall": 0.9246575342465754,
      "f1-score": 0.6881278538812785,
      "support": 76.0
    }
  },
  "per_class_precision": {
    "credential_exposure": 0.1111111111111111,
    "data_access": 0.875,
    "privilege_escalation": 0.05714285714285714,
    "resource_exposure": 0.8604651162790697
  }
}